{
  "hotels": [
    {
      "id": 1,
      "url": "https://r1imghtlak.mmtcdn.com/13c6ca28456311e8bfa00a43569e0366.jfif?&output-quality=75&downsize=910:612&crop=910:612;5,0&output-format=jpg",
      "title": "The Gold Regency @ Paharganj ",
      "rooms": 2,
      "bed": 3,
      "bath": 2,
      "area": "54 sqt",
      "tag": "Popular",
      "price": 400,
      "location": "new york"
    },
    {
      "id": 2,
      "url": "https://r1imghtlak.mmtcdn.com/c22ab5c4f3c311e4a25132e76f7e45c9.jfif?&output-quality=75&downsize=243:162&crop=243:162;0,0&output-format=jpg",
      "title": "Le ROI, Delhi@ New Delhi Railway Station",
      "rooms": 4,
      "bed": 2,
      "bath": 1,
      "area": "59 sqt",
      "tag": "",
      "price": 600,
      "location": "landon"
    },
    {
      "id": 3,
      "url": "https://r2imghtlak.mmtcdn.com/r2-mmt-htl-image/htl-imgs/201412311314381986-e9bad9f0669311e58aa3daf4768ad8d9.jpg?&output-quality=75&downsize=243:162&output-format=jpg",
      "title": "The Gold Regency @ Paharganj ",
      "rooms": 4,
      "bed": 3,
      "bath": 2,
      "area": "340 sqt",
      "tag": "Popular",
      "price": 800,
      "location":"paris"
    },
    {
      "id": 4,
      "url": "https://r2imghtlak.mmtcdn.com/r2-mmt-htl-image/htl-imgs/201810121712152116-9b540a5667b011ebbd6b0242ac110003.jpg?&output-quality=75&downsize=243:162&output-format=jpg",
      "title": "The Gold Regency @ Paharganj ",
      "rooms": 2,
      "bed": 3,
      "bath": 2,
      "area": "54 sqt",
      "tag": "Popular",
      "price": 78,
      "location": "mumbai"
    },
    {
      "id": 5,
      "url": "https://r1imghtlak.mmtcdn.com/8617149c6e4111e7a725025f77df004f.jpg?&output-quality=75&downsize=910:612&crop=910:612;4,0&output-format=jpg",
      "title": "The Gold Regency @ Paharganj ",
      "rooms": 2,
      "bed": 3,
      "bath": 2,
      "area": "54 sqt",
      "tag": "Popular",
      "price": 546,
      "location": "mumbai"
    },
    {
      "id": 6,
      "url": "https://r2imghtlak.mmtcdn.com/r2-mmt-htl-image/htl-imgs/201904081604352311-4d68b066732011e9890c0242ac110003.jpg?&output-quality=75&downsize=243:162&output-format=jpg",
      "title": "The Gold Regency @ Paharganj ",
      "rooms": 2,
      "bed": 3,
      "bath": 2,
      "area": "54 sqt",
      "tag": "Popular",
      "price": 340,
      "location": "paris"
    },
    {
      "id": 7,
      "url": "https://r2imghtlak.mmtcdn.com/r2-mmt-htl-image/htl-imgs/202208101746135067-38532be0786f11ed8a000a58a9feac02.jpg?&output-quality=75&downsize=243:162&crop=243:162;0,14&output-format=jpg",
      "title": "The Gold Regency @ Paharganj ",
      "rooms": 2,
      "bed": 3,
      "bath": 2,
      "area": "54 sqt",
      "tag": "Popular",
      "price": 8967,
      "location": "new york"
    },

    {
      "id": 8,
      "url": "https://r2imghtlak.mmtcdn.com/r2-mmt-htl-image/htl-imgs/202208101746135067-38532be0786f11ed8a000a58a9feac02.jpg?&output-quality=75&downsize=243:162&crop=243:162;0,14&output-format=jpg",
      "title": "The Gold Regency @ Paharganj ",
      "rooms": 2,
      "bed": 3,
      "bath": 2,
      "area": "54 sqt",
      "tag": "Popular",
      "price": 8967,
      "location": "paris"
    },
    {
      "id": 9,
      "url": "https://r2imghtlak.mmtcdn.com/r2-mmt-htl-image/htl-imgs/202208101746135067-38532be0786f11ed8a000a58a9feac02.jpg?&output-quality=75&downsize=243:162&crop=243:162;0,14&output-format=jpg",
      "title": "The Gold Regency @ Paharganj ",
      "rooms": 2,
      "bed": 3,
      "bath": 2,
      "area": "54 sqt",
      "tag": "Popular",
      "price": 8967 ,
      "location": "mumbai"
    },
    {
      "id": 10,
      "url": "https://r2imghtlak.mmtcdn.com/r2-mmt-htl-image/htl-imgs/202208101746135067-38532be0786f11ed8a000a58a9feac02.jpg?&output-quality=75&downsize=243:162&crop=243:162;0,14&output-format=jpg",
      "title": "The Gold Regency @ Paharganj ",
      "rooms": 2,
      "bed": 3,
      "bath": 2,
      "area": "54 sqt",
      "tag": "Popular",
      "price": 8967 ,
      "location": "landon"
    },
    {
      "id": 11,
      "url": "https://r2imghtlak.mmtcdn.com/r2-mmt-htl-image/htl-imgs/202208101746135067-38532be0786f11ed8a000a58a9feac02.jpg?&output-quality=75&downsize=243:162&crop=243:162;0,14&output-format=jpg",
      "title": "The Gold Regency @ Paharganj ",
      "rooms": 2,
      "bed": 3,
      "bath": 2,
      "area": "54 sqt",
      "tag": "Popular",
      "price": 8967,
      "location": "mumbai"
    },
    {
      "id": 12,
      "url": "https://r2imghtlak.mmtcdn.com/r2-mmt-htl-image/htl-imgs/202208101746135067-38532be0786f11ed8a000a58a9feac02.jpg?&output-quality=75&downsize=243:162&crop=243:162;0,14&output-format=jpg",
      "title": "The Gold Regency @ Paharganj ",
      "rooms": 2,
      "bed": 3,
      "bath": 2,
      "area": "54 sqt",
      "tag": "Popular",
      "price": 8967,
      "location": "landon"
    },
    {
      "id": 13,
      "url": "https://r2imghtlak.mmtcdn.com/r2-mmt-htl-image/htl-imgs/202208101746135067-38532be0786f11ed8a000a58a9feac02.jpg?&output-quality=75&downsize=243:162&crop=243:162;0,14&output-format=jpg",
      "title": "The Gold Regency @ Paharganj ",
      "rooms": 2,
      "bed": 3,
      "bath": 2,
      "area": "54 sqt",
      "tag": "Popular",
      "price": 8967,
      "location": "paris"
    },
    {
      "id": 14,
      "url": "https://r2imghtlak.mmtcdn.com/r2-mmt-htl-image/htl-imgs/202208101746135067-38532be0786f11ed8a000a58a9feac02.jpg?&output-quality=75&downsize=243:162&crop=243:162;0,14&output-format=jpg",
      "title": "The Gold Regency @ Paharganj ",
      "rooms": 2,
      "bed": 3,
      "bath": 2,
      "area": "54 sqt",
      "tag": "Popular",
      "price": 8967,
      "location": "landon"
    },
    {
      "id": 15,
      "url": "https://r2imghtlak.mmtcdn.com/r2-mmt-htl-image/htl-imgs/202208101746135067-38532be0786f11ed8a000a58a9feac02.jpg?&output-quality=75&downsize=243:162&crop=243:162;0,14&output-format=jpg",
      "title": "The Gold Regency @ Paharganj ",
      "rooms": 2,
      "bed": 3,
      "bath": 2,
      "area": "54 sqt",
      "tag": "Popular",
      "price": 8967,
      "location": "new york"
    },
    {
      "id": 16,
      "url": "https://r2imghtlak.mmtcdn.com/r2-mmt-htl-image/htl-imgs/202208101746135067-38532be0786f11ed8a000a58a9feac02.jpg?&output-quality=75&downsize=243:162&crop=243:162;0,14&output-format=jpg",
      "title": "The Gold Regency @ Paharganj ",
      "rooms": 2,
      "bed": 3,
      "bath": 2,
      "area": "54 sqt",
      "tag": "Popular",
      "price": 8967,
      "location": "new york"
    },
    {
      "id": 17,
      "url": "https://r2imghtlak.mmtcdn.com/r2-mmt-htl-image/htl-imgs/202208101746135067-38532be0786f11ed8a000a58a9feac02.jpg?&output-quality=75&downsize=243:162&crop=243:162;0,14&output-format=jpg",
      "title": "The Gold Regency @ Paharganj ",
      "rooms": 2,
      "bed": 3,
      "bath": 2,
      "area": "54 sqt",
      "tag": "Popular",
      "price": 8967,
      "location": "new york"
    },
    {
      "id": 18,
      "url": "https://r2imghtlak.mmtcdn.com/r2-mmt-htl-image/htl-imgs/202208101746135067-38532be0786f11ed8a000a58a9feac02.jpg?&output-quality=75&downsize=243:162&crop=243:162;0,14&output-format=jpg",
      "title": "The Gold Regency @ Paharganj ",
      "rooms": 2,
      "bed": 3,
      "bath": 2,
      "area": "54 sqt",
      "tag": "Popular",
      "price": 8967,
      "location": "new york"
    },
    {
      "id": 18,
      "url": "https://r2imghtlak.mmtcdn.com/r2-mmt-htl-image/htl-imgs/202208101746135067-38532be0786f11ed8a000a58a9feac02.jpg?&output-quality=75&downsize=243:162&crop=243:162;0,14&output-format=jpg",
      "title": "The Gold Regency @ Paharganj ",
      "rooms": 2,
      "bed": 3,
      "bath": 2,
      "area": "54 sqt",
      "tag": "Popular",
      "price": 8967,
      "location": "new york"
    }
  ]
}
